epoch,train_loss
1,0.7086856031417846
2,0.6246435594558716
3,0.4927178084850311
4,0.2787800270318985
5,0.17112189501523972
